object_id_num,object_huldrsadmin_ownerSuppliedName_string,object_urn_string_sort,object_huldrsadmin_adminCategory_text_sort,object_huldrsadmin_ownerCode_string_sort,object_huldrsadmin_billingCode_string,object_mets_type_string,object_huldrsadmin_role_string_sort,object_mets_createDate_date,batch_huldrsadmin_batchDirectoryName_string,batch_id_num,batch_huldrsadmin_loadStartTime_date,batch_huldrsadmin_batchName_string,object_fileCount_num,object_huldrsadmin_adminFlagType_string_sort,object_huldrsadmin_accessFlag_string,object_mods_title_text_sort,object_huldrsadmin_producer_string_sort,object_objectSize_num
444930853,W1PD96682-I1PD96864,"urn-3:FHCL:37075873, urn-3:HUL.DRS.OBJECT:37075872",Buddhist Digital Resource Center,FHCL.COLL,FHCL.COLL.TBRC_0001,PDS DOCUMENT,,2018-05-17T00:57:27.712Z,batchW1PD96682-5,449685,2018-06-04T15:37:47.0Z,FHCL.COLL_batchW1PD96682-5_20180516_214131,1069,,R,"bka' 'gyur/ （dpe bsdur ma/）, bka' 'gyur dpe bsdur ma, bka' 'gyur, 甘珠尔(对勘本）, 中华大藏经甘珠尔（对勘本）, zhong hua da zang jing gan zhu er (dui kuan ben)",Tibetan Buddhist Resource Center,943648055
444933258,W1PD96682-I1PD96865,"urn-3:FHCL:37075883, urn-3:HUL.DRS.OBJECT:37075882",Buddhist Digital Resource Center,FHCL.COLL,FHCL.COLL.TBRC_0001,PDS DOCUMENT,,2018-05-17T00:59:57.4Z,batchW1PD96682-5,449685,2018-06-04T15:37:47.0Z,FHCL.COLL_batchW1PD96682-5_20180516_214131,854,,R,"bka' 'gyur/ （dpe bsdur ma/）, bka' 'gyur dpe bsdur ma, bka' 'gyur, 甘珠尔(对勘本）, 中华大藏经甘珠尔（对勘本）, zhong hua da zang jing gan zhu er (dui kuan ben)",Tibetan Buddhist Resource Center,759947104
444935966,W1PD96682-I1PD96866,"urn-3:FHCL:37075891, urn-3:HUL.DRS.OBJECT:37075890",Buddhist Digital Resource Center,FHCL.COLL,FHCL.COLL.TBRC_0001,PDS DOCUMENT,,2018-05-17T01:01:53.61Z,batchW1PD96682-5,449685,2018-06-04T15:37:47.0Z,FHCL.COLL_batchW1PD96682-5_20180516_214131,1132,,R,"bka' 'gyur/ （dpe bsdur ma/）, bka' 'gyur dpe bsdur ma, bka' 'gyur, 甘珠尔(对勘本）, 中华大藏经甘珠尔（对勘本）, zhong hua da zang jing gan zhu er (dui kuan ben)",Tibetan Buddhist Resource Center,1277989552
444938424,W1PD96682-I1PD96867,"urn-3:FHCL:37075903, urn-3:HUL.DRS.OBJECT:37075902",Buddhist Digital Resource Center,FHCL.COLL,FHCL.COLL.TBRC_0001,PDS DOCUMENT,,2018-05-17T01:04:27.785Z,batchW1PD96682-5,449685,2018-06-04T15:37:47.0Z,FHCL.COLL_batchW1PD96682-5_20180516_214131,824,,R,"bka' 'gyur/ （dpe bsdur ma/）, bka' 'gyur dpe bsdur ma, bka' 'gyur, 甘珠尔(对勘本）, 中华大藏经甘珠尔（对勘本）, zhong hua da zang jing gan zhu er (dui kuan ben)",Tibetan Buddhist Resource Center,903006939
444940600,W1PD96682-I1PD96868,"urn-3:FHCL:37075911, urn-3:HUL.DRS.OBJECT:37075910",Buddhist Digital Resource Center,FHCL.COLL,FHCL.COLL.TBRC_0001,PDS DOCUMENT,,2018-05-17T01:06:21.315Z,batchW1PD96682-5,449685,2018-06-04T15:37:47.0Z,FHCL.COLL_batchW1PD96682-5_20180516_214131,854,,R,"bka' 'gyur/ （dpe bsdur ma/）, bka' 'gyur dpe bsdur ma, bka' 'gyur, 甘珠尔(对勘本）, 中华大藏经甘珠尔（对勘本）, zhong hua da zang jing gan zhu er (dui kuan ben)",Tibetan Buddhist Resource Center,789525541
444944138,W1PD96682-I1PD96869,"urn-3:FHCL:37075919, urn-3:HUL.DRS.OBJECT:37075918",Buddhist Digital Resource Center,FHCL.COLL,FHCL.COLL.TBRC_0001,PDS DOCUMENT,,2018-05-17T01:08:18.254Z,batchW1PD96682-5,449685,2018-06-04T15:37:47.0Z,FHCL.COLL_batchW1PD96682-5_20180516_214131,964,,R,"bka' 'gyur/ （dpe bsdur ma/）, bka' 'gyur dpe bsdur ma, bka' 'gyur, 甘珠尔(对勘本）, 中华大藏经甘珠尔（对勘本）, zhong hua da zang jing gan zhu er (dui kuan ben)",Tibetan Buddhist Resource Center,1168835708
444946442,W1PD96682-I1PD96870,"urn-3:FHCL:37075925, urn-3:HUL.DRS.OBJECT:37075924",Buddhist Digital Resource Center,FHCL.COLL,FHCL.COLL.TBRC_0001,PDS DOCUMENT,,2018-05-17T01:10:33.462Z,batchW1PD96682-5,449685,2018-06-04T15:37:47.0Z,FHCL.COLL_batchW1PD96682-5_20180516_214131,933,,R,"bka' 'gyur/ （dpe bsdur ma/）, bka' 'gyur dpe bsdur ma, bka' 'gyur, 甘珠尔(对勘本）, 中华大藏经甘珠尔（对勘本）, zhong hua da zang jing gan zhu er (dui kuan ben)",Tibetan Buddhist Resource Center,884501573
444949353,W1PD96682-I1PD96871,"urn-3:FHCL:37075933, urn-3:HUL.DRS.OBJECT:37075932",Buddhist Digital Resource Center,FHCL.COLL,FHCL.COLL.TBRC_0001,PDS DOCUMENT,,2018-05-17T01:12:40.90Z,batchW1PD96682-5,449685,2018-06-04T15:37:47.0Z,FHCL.COLL_batchW1PD96682-5_20180516_214131,1084,,R,"bka' 'gyur/ （dpe bsdur ma/）, bka' 'gyur dpe bsdur ma, bka' 'gyur, 甘珠尔(对勘本）, 中华大藏经甘珠尔（对勘本）, zhong hua da zang jing gan zhu er (dui kuan ben)",Tibetan Buddhist Resource Center,1335299609
444952469,W1PD96682-I1PD96872,"urn-3:FHCL:37075947, urn-3:HUL.DRS.OBJECT:37075946",Buddhist Digital Resource Center,FHCL.COLL,FHCL.COLL.TBRC_0001,PDS DOCUMENT,,2018-05-17T01:15:20.177Z,batchW1PD96682-5,449685,2018-06-04T15:37:47.0Z,FHCL.COLL_batchW1PD96682-5_20180516_214131,824,,R,"bka' 'gyur/ （dpe bsdur ma/）, bka' 'gyur dpe bsdur ma, bka' 'gyur, 甘珠尔(对勘本）, 中华大藏经甘珠尔（对勘本）, zhong hua da zang jing gan zhu er (dui kuan ben)",Tibetan Buddhist Resource Center,1018500983
444954606,W1PD96682-I1PD96873,"urn-3:FHCL:37075955, urn-3:HUL.DRS.OBJECT:37075954",Buddhist Digital Resource Center,FHCL.COLL,FHCL.COLL.TBRC_0001,PDS DOCUMENT,,2018-05-17T01:17:22.36Z,batchW1PD96682-5,449685,2018-06-04T15:37:47.0Z,FHCL.COLL_batchW1PD96682-5_20180516_214131,981,,R,"bka' 'gyur/ （dpe bsdur ma/）, bka' 'gyur dpe bsdur ma, bka' 'gyur, 甘珠尔(对勘本）, 中华大藏经甘珠尔（对勘本）, zhong hua da zang jing gan zhu er (dui kuan ben)",Tibetan Buddhist Resource Center,960805719
444957540,W1PD96682-I1PD96874,"urn-3:FHCL:37075996, urn-3:HUL.DRS.OBJECT:37075995",Buddhist Digital Resource Center,FHCL.COLL,FHCL.COLL.TBRC_0001,PDS DOCUMENT,,2018-05-17T01:19:38.446Z,batchW1PD96682-5,449685,2018-06-04T15:37:47.0Z,FHCL.COLL_batchW1PD96682-5_20180516_214131,1084,,R,"bka' 'gyur/ （dpe bsdur ma/）, bka' 'gyur dpe bsdur ma, bka' 'gyur, 甘珠尔(对勘本）, 中华大藏经甘珠尔（对勘本）, zhong hua da zang jing gan zhu er (dui kuan ben)",Tibetan Buddhist Resource Center,999833104
444961026,W1PD96682-I1PD96875,"urn-3:FHCL:37076009, urn-3:HUL.DRS.OBJECT:37076008",Buddhist Digital Resource Center,FHCL.COLL,FHCL.COLL.TBRC_0001,PDS DOCUMENT,,2018-05-17T01:22:12.455Z,batchW1PD96682-5,449685,2018-06-04T15:37:47.0Z,FHCL.COLL_batchW1PD96682-5_20180516_214131,954,,R,"bka' 'gyur/ （dpe bsdur ma/）, bka' 'gyur dpe bsdur ma, bka' 'gyur, 甘珠尔(对勘本）, 中华大藏经甘珠尔（对勘本）, zhong hua da zang jing gan zhu er (dui kuan ben)",Tibetan Buddhist Resource Center,918474961
444963250,W1PD96682-I1PD96876,"urn-3:FHCL:37076013, urn-3:HUL.DRS.OBJECT:37076012",Buddhist Digital Resource Center,FHCL.COLL,FHCL.COLL.TBRC_0001,PDS DOCUMENT,,2018-05-17T01:24:22.743Z,batchW1PD96682-5,449685,2018-06-04T15:37:47.0Z,FHCL.COLL_batchW1PD96682-5_20180516_214131,918,,R,"bka' 'gyur/ （dpe bsdur ma/）, bka' 'gyur dpe bsdur ma, bka' 'gyur, 甘珠尔(对勘本）, 中华大藏经甘珠尔（对勘本）, zhong hua da zang jing gan zhu er (dui kuan ben)",Tibetan Buddhist Resource Center,818084607
444965964,W1PD96682-I1PD96877,"urn-3:FHCL:37076015, urn-3:HUL.DRS.OBJECT:37076014",Buddhist Digital Resource Center,FHCL.COLL,FHCL.COLL.TBRC_0001,PDS DOCUMENT,,2018-05-17T01:26:29.671Z,batchW1PD96682-5,449685,2018-06-04T15:37:47.0Z,FHCL.COLL_batchW1PD96682-5_20180516_214131,790,,R,"bka' 'gyur/ （dpe bsdur ma/）, bka' 'gyur dpe bsdur ma, bka' 'gyur, 甘珠尔(对勘本）, 中华大藏经甘珠尔（对勘本）, zhong hua da zang jing gan zhu er (dui kuan ben)",Tibetan Buddhist Resource Center,667056970
444968452,W1PD96682-I1PD96878,"urn-3:FHCL:37076017, urn-3:HUL.DRS.OBJECT:37076016",Buddhist Digital Resource Center,FHCL.COLL,FHCL.COLL.TBRC_0001,PDS DOCUMENT,,2018-05-17T01:28:20.801Z,batchW1PD96682-5,449685,2018-06-04T15:37:47.0Z,FHCL.COLL_batchW1PD96682-5_20180516_214131,902,,R,"bka' 'gyur/ （dpe bsdur ma/）, bka' 'gyur dpe bsdur ma, bka' 'gyur, 甘珠尔(对勘本）, 中华大藏经甘珠尔（对勘本）, zhong hua da zang jing gan zhu er (dui kuan ben)",Tibetan Buddhist Resource Center,800852674
444969356,W1PD96682-I1PD96879,"urn-3:FHCL:37076019, urn-3:HUL.DRS.OBJECT:37076018",Buddhist Digital Resource Center,FHCL.COLL,FHCL.COLL.TBRC_0001,PDS DOCUMENT,,2018-05-17T01:30:24.139Z,batchW1PD96682-5,449685,2018-06-04T15:37:47.0Z,FHCL.COLL_batchW1PD96682-5_20180516_214131,930,,R,"bka' 'gyur/ （dpe bsdur ma/）, bka' 'gyur dpe bsdur ma, bka' 'gyur, 甘珠尔(对勘本）, 中华大藏经甘珠尔（对勘本）, zhong hua da zang jing gan zhu er (dui kuan ben)",Tibetan Buddhist Resource Center,745845426
444970288,W1PD96682-I1PD96880,"urn-3:FHCL:37076021, urn-3:HUL.DRS.OBJECT:37076020",Buddhist Digital Resource Center,FHCL.COLL,FHCL.COLL.TBRC_0001,PDS DOCUMENT,,2018-05-17T01:32:40.948Z,batchW1PD96682-5,449685,2018-06-04T15:37:47.0Z,FHCL.COLL_batchW1PD96682-5_20180516_214131,932,,R,"bka' 'gyur/ （dpe bsdur ma/）, bka' 'gyur dpe bsdur ma, bka' 'gyur, 甘珠尔(对勘本）, 中华大藏经甘珠尔（对勘本）, zhong hua da zang jing gan zhu er (dui kuan ben)",Tibetan Buddhist Resource Center,720305180
444971222,W1PD96682-I1PD96881,"urn-3:FHCL:37076023, urn-3:HUL.DRS.OBJECT:37076022",Buddhist Digital Resource Center,FHCL.COLL,FHCL.COLL.TBRC_0001,PDS DOCUMENT,,2018-05-17T01:35:00.443Z,batchW1PD96682-5,449685,2018-06-04T15:37:47.0Z,FHCL.COLL_batchW1PD96682-5_20180516_214131,1032,,R,"bka' 'gyur/ （dpe bsdur ma/）, bka' 'gyur dpe bsdur ma, bka' 'gyur, 甘珠尔(对勘本）, 中华大藏经甘珠尔（对勘本）, zhong hua da zang jing gan zhu er (dui kuan ben)",Tibetan Buddhist Resource Center,1046523318
444972256,W1PD96682-I1PD96882,"urn-3:FHCL:37076025, urn-3:HUL.DRS.OBJECT:37076024",Buddhist Digital Resource Center,FHCL.COLL,FHCL.COLL.TBRC_0001,PDS DOCUMENT,,2018-05-17T01:37:35.254Z,batchW1PD96682-5,449685,2018-06-04T15:37:47.0Z,FHCL.COLL_batchW1PD96682-5_20180516_214131,868,,R,"bka' 'gyur/ （dpe bsdur ma/）, bka' 'gyur dpe bsdur ma, bka' 'gyur, 甘珠尔(对勘本）, 中华大藏经甘珠尔（对勘本）, zhong hua da zang jing gan zhu er (dui kuan ben)",Tibetan Buddhist Resource Center,753566027
444973126,W1PD96682-I1PD96883,"urn-3:FHCL:37076027, urn-3:HUL.DRS.OBJECT:37076026",Buddhist Digital Resource Center,FHCL.COLL,FHCL.COLL.TBRC_0001,PDS DOCUMENT,,2018-05-17T01:39:46.75Z,batchW1PD96682-5,449685,2018-06-04T15:37:47.0Z,FHCL.COLL_batchW1PD96682-5_20180516_214131,620,,R,"bka' 'gyur/ （dpe bsdur ma/）, bka' 'gyur dpe bsdur ma, bka' 'gyur, 甘珠尔(对勘本）, 中华大藏经甘珠尔（对勘本）, zhong hua da zang jing gan zhu er (dui kuan ben)",Tibetan Buddhist Resource Center,816151719
444973748,W1PD96685-I1PD105124,"urn-3:FHCL:37075833, urn-3:HUL.DRS.OBJECT:37075832",Buddhist Digital Resource Center,FHCL.COLL,FHCL.COLL.TBRC_0001,PDS DOCUMENT,,2018-05-17T11:00:59.671Z,batchW1PD96685-4,449682,2018-06-04T15:31:09.0Z,FHCL.COLL_batchW1PD96685-4_20180517_073622,654,,R,"bka' 'gyur (co ne), བཀའ་འགྱུར ༼ཅོ་ནེ༽, co ne'i bka' 'gyur, co ne bka' 'gyur, choni kanjur, choni kandjar",Tibetan Buddhist Resource Center,115475860
444974404,W1PD96685-I1PD105125,"urn-3:FHCL:37075837, urn-3:HUL.DRS.OBJECT:37075836",Buddhist Digital Resource Center,FHCL.COLL,FHCL.COLL.TBRC_0001,PDS DOCUMENT,,2018-05-17T11:02:57.67Z,batchW1PD96685-4,449682,2018-06-04T15:31:09.0Z,FHCL.COLL_batchW1PD96685-4_20180517_073622,618,,R,"bka' 'gyur (co ne), བཀའ་འགྱུར ༼ཅོ་ནེ༽, co ne'i bka' 'gyur, co ne bka' 'gyur, choni kanjur, choni kandjar",Tibetan Buddhist Resource Center,102749198
444975024,W1PD96685-I1PD105126,"urn-3:FHCL:37075843, urn-3:HUL.DRS.OBJECT:37075842",Buddhist Digital Resource Center,FHCL.COLL,FHCL.COLL.TBRC_0001,PDS DOCUMENT,,2018-05-17T11:04:37.347Z,batchW1PD96685-4,449682,2018-06-04T15:31:09.0Z,FHCL.COLL_batchW1PD96685-4_20180517_073622,632,,R,"bka' 'gyur (co ne), བཀའ་འགྱུར ༼ཅོ་ནེ༽, co ne'i bka' 'gyur, co ne bka' 'gyur, choni kanjur, choni kandjar",Tibetan Buddhist Resource Center,110546750
444975658,W1PD96685-I1PD105127,"urn-3:FHCL:37075849, urn-3:HUL.DRS.OBJECT:37075848",Buddhist Digital Resource Center,FHCL.COLL,FHCL.COLL.TBRC_0001,PDS DOCUMENT,,2018-05-17T11:06:18.677Z,batchW1PD96685-4,449682,2018-06-04T15:31:09.0Z,FHCL.COLL_batchW1PD96685-4_20180517_073622,648,,R,"bka' 'gyur (co ne), བཀའ་འགྱུར ༼ཅོ་ནེ༽, co ne'i bka' 'gyur, co ne bka' 'gyur, choni kanjur, choni kandjar",Tibetan Buddhist Resource Center,100396756
444976308,W1PD96685-I1PD105128,"urn-3:FHCL:37075855, urn-3:HUL.DRS.OBJECT:37075854",Buddhist Digital Resource Center,FHCL.COLL,FHCL.COLL.TBRC_0001,PDS DOCUMENT,,2018-05-17T11:08:03.498Z,batchW1PD96685-4,449682,2018-06-04T15:31:09.0Z,FHCL.COLL_batchW1PD96685-4_20180517_073622,628,,R,"bka' 'gyur (co ne), བཀའ་འགྱུར ༼ཅོ་ནེ༽, co ne'i bka' 'gyur, co ne bka' 'gyur, choni kanjur, choni kandjar",Tibetan Buddhist Resource Center,114248531
444976938,W1PD96685-I1PD105129,"urn-3:FHCL:37075859, urn-3:HUL.DRS.OBJECT:37075858",Buddhist Digital Resource Center,FHCL.COLL,FHCL.COLL.TBRC_0001,PDS DOCUMENT,,2018-05-17T11:09:41.673Z,batchW1PD96685-4,449682,2018-06-04T15:31:09.0Z,FHCL.COLL_batchW1PD96685-4_20180517_073622,644,,R,"bka' 'gyur (co ne), བཀའ་འགྱུར ༼ཅོ་ནེ༽, co ne'i bka' 'gyur, co ne bka' 'gyur, choni kanjur, choni kandjar",Tibetan Buddhist Resource Center,103690443
444977584,W1PD96685-I1PD105130,"urn-3:FHCL:37075865, urn-3:HUL.DRS.OBJECT:37075864",Buddhist Digital Resource Center,FHCL.COLL,FHCL.COLL.TBRC_0001,PDS DOCUMENT,,2018-05-17T11:11:23.782Z,batchW1PD96685-4,449682,2018-06-04T15:31:09.0Z,FHCL.COLL_batchW1PD96685-4_20180517_073622,636,,R,"bka' 'gyur (co ne), བཀའ་འགྱུར ༼ཅོ་ནེ༽, co ne'i bka' 'gyur, co ne bka' 'gyur, choni kanjur, choni kandjar",Tibetan Buddhist Resource Center,129304601
444978222,W1PD96685-I1PD105131,"urn-3:FHCL:37075871, urn-3:HUL.DRS.OBJECT:37075870",Buddhist Digital Resource Center,FHCL.COLL,FHCL.COLL.TBRC_0001,PDS DOCUMENT,,2018-05-17T11:13:04.38Z,batchW1PD96685-4,449682,2018-06-04T15:31:09.0Z,FHCL.COLL_batchW1PD96685-4_20180517_073622,644,,R,"bka' 'gyur (co ne), བཀའ་འགྱུར ༼ཅོ་ནེ༽, co ne'i bka' 'gyur, co ne bka' 'gyur, choni kanjur, choni kandjar",Tibetan Buddhist Resource Center,112985760
444978868,W1PD96685-I1PD105132,"urn-3:FHCL:37075879, urn-3:HUL.DRS.OBJECT:37075878",Buddhist Digital Resource Center,FHCL.COLL,FHCL.COLL.TBRC_0001,PDS DOCUMENT,,2018-05-17T11:14:44.629Z,batchW1PD96685-4,449682,2018-06-04T15:31:09.0Z,FHCL.COLL_batchW1PD96685-4_20180517_073622,618,,R,"bka' 'gyur (co ne), བཀའ་འགྱུར ༼ཅོ་ནེ༽, co ne'i bka' 'gyur, co ne bka' 'gyur, choni kanjur, choni kandjar",Tibetan Buddhist Resource Center,96221122
444979488,W1PD96685-I1PD105133,"urn-3:FHCL:37075885, urn-3:HUL.DRS.OBJECT:37075884",Buddhist Digital Resource Center,FHCL.COLL,FHCL.COLL.TBRC_0001,PDS DOCUMENT,,2018-05-17T11:16:24.328Z,batchW1PD96685-4,449682,2018-06-04T15:31:09.0Z,FHCL.COLL_batchW1PD96685-4_20180517_073622,620,,R,"bka' 'gyur (co ne), བཀའ་འགྱུར ༼ཅོ་ནེ༽, co ne'i bka' 'gyur, co ne bka' 'gyur, choni kanjur, choni kandjar",Tibetan Buddhist Resource Center,99435989
444980110,W1PD96685-I1PD105134,"urn-3:FHCL:37075893, urn-3:HUL.DRS.OBJECT:37075892",Buddhist Digital Resource Center,FHCL.COLL,FHCL.COLL.TBRC_0001,PDS DOCUMENT,,2018-05-17T11:18:04.677Z,batchW1PD96685-4,449682,2018-06-04T15:31:09.0Z,FHCL.COLL_batchW1PD96685-4_20180517_073622,666,,R,"bka' 'gyur (co ne), བཀའ་འགྱུར ༼ཅོ་ནེ༽, co ne'i bka' 'gyur, co ne bka' 'gyur, choni kanjur, choni kandjar",Tibetan Buddhist Resource Center,114180770
444980778,W1PD96685-I1PD105135,"urn-3:FHCL:37075899, urn-3:HUL.DRS.OBJECT:37075898",Buddhist Digital Resource Center,FHCL.COLL,FHCL.COLL.TBRC_0001,PDS DOCUMENT,,2018-05-17T11:19:53.442Z,batchW1PD96685-4,449682,2018-06-04T15:31:09.0Z,FHCL.COLL_batchW1PD96685-4_20180517_073622,598,,R,"bka' 'gyur (co ne), བཀའ་འགྱུར ༼ཅོ་ནེ༽, co ne'i bka' 'gyur, co ne bka' 'gyur, choni kanjur, choni kandjar",Tibetan Buddhist Resource Center,107137421
444981378,W1PD96685-I1PD105136,"urn-3:FHCL:37075905, urn-3:HUL.DRS.OBJECT:37075904",Buddhist Digital Resource Center,FHCL.COLL,FHCL.COLL.TBRC_0001,PDS DOCUMENT,,2018-05-17T11:21:42.694Z,batchW1PD96685-4,449682,2018-06-04T15:31:09.0Z,FHCL.COLL_batchW1PD96685-4_20180517_073622,738,,R,"bka' 'gyur (co ne), བཀའ་འགྱུར ༼ཅོ་ནེ༽, co ne'i bka' 'gyur, co ne bka' 'gyur, choni kanjur, choni kandjar",Tibetan Buddhist Resource Center,166182085
444982118,W1PD96685-I1PD105137,"urn-3:FHCL:37075909, urn-3:HUL.DRS.OBJECT:37075908",Buddhist Digital Resource Center,FHCL.COLL,FHCL.COLL.TBRC_0001,PDS DOCUMENT,,2018-05-17T11:23:49.827Z,batchW1PD96685-4,449682,2018-06-04T15:31:09.0Z,FHCL.COLL_batchW1PD96685-4_20180517_073622,698,,R,"bka' 'gyur (co ne), བཀའ་འགྱུར ༼ཅོ་ནེ༽, co ne'i bka' 'gyur, co ne bka' 'gyur, choni kanjur, choni kandjar",Tibetan Buddhist Resource Center,121207558
444982818,W1PD96685-I1PD105138,"urn-3:FHCL:37075915, urn-3:HUL.DRS.OBJECT:37075914",Buddhist Digital Resource Center,FHCL.COLL,FHCL.COLL.TBRC_0001,PDS DOCUMENT,,2018-05-17T11:25:38.121Z,batchW1PD96685-4,449682,2018-06-04T15:31:09.0Z,FHCL.COLL_batchW1PD96685-4_20180517_073622,682,,R,"bka' 'gyur (co ne), བཀའ་འགྱུར ༼ཅོ་ནེ༽, co ne'i bka' 'gyur, co ne bka' 'gyur, choni kanjur, choni kandjar",Tibetan Buddhist Resource Center,155266749
444983502,W1PD96685-I1PD105139,"urn-3:FHCL:37075921, urn-3:HUL.DRS.OBJECT:37075920",Buddhist Digital Resource Center,FHCL.COLL,FHCL.COLL.TBRC_0001,PDS DOCUMENT,,2018-05-17T11:27:27.306Z,batchW1PD96685-4,449682,2018-06-04T15:31:09.0Z,FHCL.COLL_batchW1PD96685-4_20180517_073622,620,,R,"bka' 'gyur (co ne), བཀའ་འགྱུར ༼ཅོ་ནེ༽, co ne'i bka' 'gyur, co ne bka' 'gyur, choni kanjur, choni kandjar",Tibetan Buddhist Resource Center,110083875
444984124,W1PD96685-I1PD105140,"urn-3:FHCL:37075927, urn-3:HUL.DRS.OBJECT:37075926",Buddhist Digital Resource Center,FHCL.COLL,FHCL.COLL.TBRC_0001,PDS DOCUMENT,,2018-05-17T11:29:04.482Z,batchW1PD96685-4,449682,2018-06-04T15:31:09.0Z,FHCL.COLL_batchW1PD96685-4_20180517_073622,776,,R,"bka' 'gyur (co ne), བཀའ་འགྱུར ༼ཅོ་ནེ༽, co ne'i bka' 'gyur, co ne bka' 'gyur, choni kanjur, choni kandjar",Tibetan Buddhist Resource Center,129390772
444984902,W1PD96685-I1PD105141,"urn-3:FHCL:37075935, urn-3:HUL.DRS.OBJECT:37075934",Buddhist Digital Resource Center,FHCL.COLL,FHCL.COLL.TBRC_0001,PDS DOCUMENT,,2018-05-17T11:31:07.273Z,batchW1PD96685-4,449682,2018-06-04T15:31:09.0Z,FHCL.COLL_batchW1PD96685-4_20180517_073622,640,,R,"bka' 'gyur (co ne), བཀའ་འགྱུར ༼ཅོ་ནེ༽, co ne'i bka' 'gyur, co ne bka' 'gyur, choni kanjur, choni kandjar",Tibetan Buddhist Resource Center,87558225
444985544,W1PD96685-I1PD105142,"urn-3:FHCL:37075941, urn-3:HUL.DRS.OBJECT:37075940",Buddhist Digital Resource Center,FHCL.COLL,FHCL.COLL.TBRC_0001,PDS DOCUMENT,,2018-05-17T11:32:46.269Z,batchW1PD96685-4,449682,2018-06-04T15:31:09.0Z,FHCL.COLL_batchW1PD96685-4_20180517_073622,704,,R,"bka' 'gyur (co ne), བཀའ་འགྱུར ༼ཅོ་ནེ༽, co ne'i bka' 'gyur, co ne bka' 'gyur, choni kanjur, choni kandjar",Tibetan Buddhist Resource Center,94561808
444986250,W1PD96685-I1PD105143,"urn-3:FHCL:37075949, urn-3:HUL.DRS.OBJECT:37075948",Buddhist Digital Resource Center,FHCL.COLL,FHCL.COLL.TBRC_0001,PDS DOCUMENT,,2018-05-17T11:34:34.307Z,batchW1PD96685-4,449682,2018-06-04T15:31:09.0Z,FHCL.COLL_batchW1PD96685-4_20180517_073622,686,,R,"bka' 'gyur (co ne), བཀའ་འགྱུར ༼ཅོ་ནེ༽, co ne'i bka' 'gyur, co ne bka' 'gyur, choni kanjur, choni kandjar",Tibetan Buddhist Resource Center,93090170
444986938,W1PD96685-I1PD105164,"urn-3:FHCL:37075929, urn-3:HUL.DRS.OBJECT:37075928",Buddhist Digital Resource Center,FHCL.COLL,FHCL.COLL.TBRC_0001,PDS DOCUMENT,,2018-05-17T12:43:04.592Z,batchW1PD96685-6,449686,2018-06-04T15:47:32.0Z,FHCL.COLL_batchW1PD96685-6_20180517_085556,706,,R,"bka' 'gyur (co ne), བཀའ་འགྱུར ༼ཅོ་ནེ༽, co ne'i bka' 'gyur, co ne bka' 'gyur, choni kanjur, choni kandjar",Tibetan Buddhist Resource Center,123134732
444987646,W1PD96685-I1PD105165,"urn-3:FHCL:37075937, urn-3:HUL.DRS.OBJECT:37075936",Buddhist Digital Resource Center,FHCL.COLL,FHCL.COLL.TBRC_0001,PDS DOCUMENT,,2018-05-17T12:44:52.267Z,batchW1PD96685-6,449686,2018-06-04T15:47:32.0Z,FHCL.COLL_batchW1PD96685-6_20180517_085556,650,,R,"bka' 'gyur (co ne), བཀའ་འགྱུར ༼ཅོ་ནེ༽, co ne'i bka' 'gyur, co ne bka' 'gyur, choni kanjur, choni kandjar",Tibetan Buddhist Resource Center,104593807
444988298,W1PD96685-I1PD105166,"urn-3:FHCL:37075943, urn-3:HUL.DRS.OBJECT:37075942",Buddhist Digital Resource Center,FHCL.COLL,FHCL.COLL.TBRC_0001,PDS DOCUMENT,,2018-05-17T12:46:27.202Z,batchW1PD96685-6,449686,2018-06-04T15:47:32.0Z,FHCL.COLL_batchW1PD96685-6_20180517_085556,728,,R,"bka' 'gyur (co ne), བཀའ་འགྱུར ༼ཅོ་ནེ༽, co ne'i bka' 'gyur, co ne bka' 'gyur, choni kanjur, choni kandjar",Tibetan Buddhist Resource Center,101505060
444989028,W1PD96685-I1PD105167,"urn-3:FHCL:37075951, urn-3:HUL.DRS.OBJECT:37075950",Buddhist Digital Resource Center,FHCL.COLL,FHCL.COLL.TBRC_0001,PDS DOCUMENT,,2018-05-17T12:48:14.609Z,batchW1PD96685-6,449686,2018-06-04T15:47:32.0Z,FHCL.COLL_batchW1PD96685-6_20180517_085556,754,,R,"bka' 'gyur (co ne), བཀའ་འགྱུར ༼ཅོ་ནེ༽, co ne'i bka' 'gyur, co ne bka' 'gyur, choni kanjur, choni kandjar",Tibetan Buddhist Resource Center,131682855
444989784,W1PD96685-I1PD105168,"urn-3:FHCL:37075957, urn-3:HUL.DRS.OBJECT:37075956",Buddhist Digital Resource Center,FHCL.COLL,FHCL.COLL.TBRC_0001,PDS DOCUMENT,,2018-05-17T12:50:06.861Z,batchW1PD96685-6,449686,2018-06-04T15:47:32.0Z,FHCL.COLL_batchW1PD96685-6_20180517_085556,778,,R,"bka' 'gyur (co ne), བཀའ་འགྱུར ༼ཅོ་ནེ༽, co ne'i bka' 'gyur, co ne bka' 'gyur, choni kanjur, choni kandjar",Tibetan Buddhist Resource Center,138740286
444990564,W1PD96685-I1PD105169,"urn-3:FHCL:37075998, urn-3:HUL.DRS.OBJECT:37075997",Buddhist Digital Resource Center,FHCL.COLL,FHCL.COLL.TBRC_0001,PDS DOCUMENT,,2018-05-17T12:52:02.469Z,batchW1PD96685-6,449686,2018-06-04T15:47:32.0Z,FHCL.COLL_batchW1PD96685-6_20180517_085556,706,,R,"bka' 'gyur (co ne), བཀའ་འགྱུར ༼ཅོ་ནེ༽, co ne'i bka' 'gyur, co ne bka' 'gyur, choni kanjur, choni kandjar",Tibetan Buddhist Resource Center,119925530
444991272,W1PD96685-I1PD105170,"urn-3:FHCL:37076006, urn-3:HUL.DRS.OBJECT:37076005",Buddhist Digital Resource Center,FHCL.COLL,FHCL.COLL.TBRC_0001,PDS DOCUMENT,,2018-05-17T12:53:47.603Z,batchW1PD96685-6,449686,2018-06-04T15:47:32.0Z,FHCL.COLL_batchW1PD96685-6_20180517_085556,768,,R,"bka' 'gyur (co ne), བཀའ་འགྱུར ༼ཅོ་ནེ༽, co ne'i bka' 'gyur, co ne bka' 'gyur, choni kanjur, choni kandjar",Tibetan Buddhist Resource Center,125457377
444992042,W1PD96685-I1PD105171,"urn-3:FHCL:37076011, urn-3:HUL.DRS.OBJECT:37076010",Buddhist Digital Resource Center,FHCL.COLL,FHCL.COLL.TBRC_0001,PDS DOCUMENT,,2018-05-17T12:55:41.240Z,batchW1PD96685-6,449686,2018-06-04T15:47:32.0Z,FHCL.COLL_batchW1PD96685-6_20180517_085556,94,,R,"bka' 'gyur (co ne), བཀའ་འགྱུར ༼ཅོ་ནེ༽, co ne'i bka' 'gyur, co ne bka' 'gyur, choni kanjur, choni kandjar",Tibetan Buddhist Resource Center,30188351
445085395,W20820-I1KG14479,"urn-3:FHCL:37113905, urn-3:HUL.DRS.OBJECT:37113904",Buddhist Digital Resource Center,FHCL.COLL,FHCL.COLL.TBRC_0001,PDS DOCUMENT,,2018-05-17T15:46:09.761Z,batchW20820-1,471696,2018-06-15T12:12:39.0Z,FHCL.COLL_batchW20820-1_20180517_115349,94,,R,"lho kha'i rtsom rig sgyu rtsal/ (dus deb/), ལྷོ་ཁའི་རྩོམ་རིག་སྒྱུ་རྩལ། ༼དུས་དེབ།༽, lhoka literature and art",Tibetan Buddhist Resource Center,17388894
445085491,W20820-I1PD36073,"urn-3:FHCL:37113907, urn-3:HUL.DRS.OBJECT:37113906",Buddhist Digital Resource Center,FHCL.COLL,FHCL.COLL.TBRC_0001,PDS DOCUMENT,,2018-05-17T15:46:26.548Z,batchW20820-1,471696,2018-06-15T12:12:39.0Z,FHCL.COLL_batchW20820-1_20180517_115349,90,,R,"lho kha'i rtsom rig sgyu rtsal/ (dus deb/), ལྷོ་ཁའི་རྩོམ་རིག་སྒྱུ་རྩལ། ༼དུས་དེབ།༽, lhoka literature and art",Tibetan Buddhist Resource Center,161792594
445085583,W20820-I1PD36074,"urn-3:FHCL:37113909, urn-3:HUL.DRS.OBJECT:37113908",Buddhist Digital Resource Center,FHCL.COLL,FHCL.COLL.TBRC_0001,PDS DOCUMENT,,2018-05-17T15:46:44.983Z,batchW20820-1,471696,2018-06-15T12:12:39.0Z,FHCL.COLL_batchW20820-1_20180517_115349,118,,R,"lho kha'i rtsom rig sgyu rtsal/ (dus deb/), ལྷོ་ཁའི་རྩོམ་རིག་སྒྱུ་རྩལ། ༼དུས་དེབ།༽, lhoka literature and art",Tibetan Buddhist Resource Center,311955228
445085703,W20820-I1PD36075,"urn-3:FHCL:37113911, urn-3:HUL.DRS.OBJECT:37113910",Buddhist Digital Resource Center,FHCL.COLL,FHCL.COLL.TBRC_0001,PDS DOCUMENT,,2018-05-17T15:47:13.211Z,batchW20820-1,471696,2018-06-15T12:12:39.0Z,FHCL.COLL_batchW20820-1_20180517_115349,150,,R,"lho kha'i rtsom rig sgyu rtsal/ (dus deb/), ལྷོ་ཁའི་རྩོམ་རིག་སྒྱུ་རྩལ། ༼དུས་དེབ།༽, lhoka literature and art",Tibetan Buddhist Resource Center,459637170
445085855,W20820-I1PD36076,"urn-3:FHCL:37113913, urn-3:HUL.DRS.OBJECT:37113912",Buddhist Digital Resource Center,FHCL.COLL,FHCL.COLL.TBRC_0001,PDS DOCUMENT,,2018-05-17T15:47:52.706Z,batchW20820-1,471696,2018-06-15T12:12:39.0Z,FHCL.COLL_batchW20820-1_20180517_115349,94,,R,"lho kha'i rtsom rig sgyu rtsal/ (dus deb/), ལྷོ་ཁའི་རྩོམ་རིག་སྒྱུ་རྩལ། ༼དུས་དེབ།༽, lhoka literature and art",Tibetan Buddhist Resource Center,233393272
445085951,W20820-I1PD36077,"urn-3:FHCL:37113915, urn-3:HUL.DRS.OBJECT:37113914",Buddhist Digital Resource Center,FHCL.COLL,FHCL.COLL.TBRC_0001,PDS DOCUMENT,,2018-05-17T15:48:14.21Z,batchW20820-1,471696,2018-06-15T12:12:39.0Z,FHCL.COLL_batchW20820-1_20180517_115349,98,,R,"lho kha'i rtsom rig sgyu rtsal/ (dus deb/), ལྷོ་ཁའི་རྩོམ་རིག་སྒྱུ་རྩལ། ༼དུས་དེབ།༽, lhoka literature and art",Tibetan Buddhist Resource Center,159567058
445086051,W20820-I1PD36078,"urn-3:FHCL:37113917, urn-3:HUL.DRS.OBJECT:37113916",Buddhist Digital Resource Center,FHCL.COLL,FHCL.COLL.TBRC_0001,PDS DOCUMENT,,2018-05-17T15:48:33.850Z,batchW20820-1,471696,2018-06-15T12:12:39.0Z,FHCL.COLL_batchW20820-1_20180517_115349,128,,R,"lho kha'i rtsom rig sgyu rtsal/ (dus deb/), ལྷོ་ཁའི་རྩོམ་རིག་སྒྱུ་རྩལ། ༼དུས་དེབ།༽, lhoka literature and art",Tibetan Buddhist Resource Center,162569592
445086181,W20820-I1PD36079,"urn-3:FHCL:37113921, urn-3:HUL.DRS.OBJECT:37113920",Buddhist Digital Resource Center,FHCL.COLL,FHCL.COLL.TBRC_0001,PDS DOCUMENT,,2018-05-17T15:48:57.693Z,batchW20820-1,471696,2018-06-15T12:12:39.0Z,FHCL.COLL_batchW20820-1_20180517_115349,154,,R,"lho kha'i rtsom rig sgyu rtsal/ (dus deb/), ལྷོ་ཁའི་རྩོམ་རིག་སྒྱུ་རྩལ། ༼དུས་དེབ།༽, lhoka literature and art",Tibetan Buddhist Resource Center,462726560
445086337,W20820-I1PD36080,"urn-3:FHCL:37113927, urn-3:HUL.DRS.OBJECT:37113926",Buddhist Digital Resource Center,FHCL.COLL,FHCL.COLL.TBRC_0001,PDS DOCUMENT,,2018-05-17T15:49:35.699Z,batchW20820-1,471696,2018-06-15T12:12:39.0Z,FHCL.COLL_batchW20820-1_20180517_115349,134,,R,"lho kha'i rtsom rig sgyu rtsal/ (dus deb/), ལྷོ་ཁའི་རྩོམ་རིག་སྒྱུ་རྩལ། ༼དུས་དེབ།༽, lhoka literature and art",Tibetan Buddhist Resource Center,166247422
445086473,W20820-I1PD36081,"urn-3:FHCL:37113931, urn-3:HUL.DRS.OBJECT:37113930",Buddhist Digital Resource Center,FHCL.COLL,FHCL.COLL.TBRC_0001,PDS DOCUMENT,,2018-05-17T15:50:00.409Z,batchW20820-1,471696,2018-06-15T12:12:39.0Z,FHCL.COLL_batchW20820-1_20180517_115349,86,,R,"lho kha'i rtsom rig sgyu rtsal/ (dus deb/), ལྷོ་ཁའི་རྩོམ་རིག་སྒྱུ་རྩལ། ༼དུས་དེབ།༽, lhoka literature and art",Tibetan Buddhist Resource Center,161201518
445086561,W20820-I1PD36082,"urn-3:FHCL:37113935, urn-3:HUL.DRS.OBJECT:37113934",Buddhist Digital Resource Center,FHCL.COLL,FHCL.COLL.TBRC_0001,PDS DOCUMENT,,2018-05-17T15:50:18.385Z,batchW20820-1,471696,2018-06-15T12:12:39.0Z,FHCL.COLL_batchW20820-1_20180517_115349,110,,R,"lho kha'i rtsom rig sgyu rtsal/ (dus deb/), ལྷོ་ཁའི་རྩོམ་རིག་སྒྱུ་རྩལ། ༼དུས་དེབ།༽, lhoka literature and art",Tibetan Buddhist Resource Center,755168574
445086673,W20820-I1PD36083,"urn-3:FHCL:37113939, urn-3:HUL.DRS.OBJECT:37113938",Buddhist Digital Resource Center,FHCL.COLL,FHCL.COLL.TBRC_0001,PDS DOCUMENT,,2018-05-17T15:51:01.542Z,batchW20820-1,471696,2018-06-15T12:12:39.0Z,FHCL.COLL_batchW20820-1_20180517_115349,98,,R,"lho kha'i rtsom rig sgyu rtsal/ (dus deb/), ལྷོ་ཁའི་རྩོམ་རིག་སྒྱུ་རྩལ། ༼དུས་དེབ།༽, lhoka literature and art",Tibetan Buddhist Resource Center,159606176
445086773,W20820-I1PD36084,"urn-3:FHCL:37113945, urn-3:HUL.DRS.OBJECT:37113944",Buddhist Digital Resource Center,FHCL.COLL,FHCL.COLL.TBRC_0001,PDS DOCUMENT,,2018-05-17T15:51:22.37Z,batchW20820-1,471696,2018-06-15T12:12:39.0Z,FHCL.COLL_batchW20820-1_20180517_115349,90,,R,"lho kha'i rtsom rig sgyu rtsal/ (dus deb/), ལྷོ་ཁའི་རྩོམ་རིག་སྒྱུ་རྩལ། ༼དུས་དེབ།༽, lhoka literature and art",Tibetan Buddhist Resource Center,158646494
445086865,W20820-I1PD36085,"urn-3:FHCL:37113949, urn-3:HUL.DRS.OBJECT:37113948",Buddhist Digital Resource Center,FHCL.COLL,FHCL.COLL.TBRC_0001,PDS DOCUMENT,,2018-05-17T15:51:40.146Z,batchW20820-1,471696,2018-06-15T12:12:39.0Z,FHCL.COLL_batchW20820-1_20180517_115349,84,,R,"lho kha'i rtsom rig sgyu rtsal/ (dus deb/), ལྷོ་ཁའི་རྩོམ་རིག་སྒྱུ་རྩལ། ༼དུས་དེབ།༽, lhoka literature and art",Tibetan Buddhist Resource Center,156866648
445086951,W20820-I1PD36086,"urn-3:FHCL:37113953, urn-3:HUL.DRS.OBJECT:37113952",Buddhist Digital Resource Center,FHCL.COLL,FHCL.COLL.TBRC_0001,PDS DOCUMENT,,2018-05-17T15:51:58.744Z,batchW20820-1,471696,2018-06-15T12:12:39.0Z,FHCL.COLL_batchW20820-1_20180517_115349,88,,R,"lho kha'i rtsom rig sgyu rtsal/ (dus deb/), ལྷོ་ཁའི་རྩོམ་རིག་སྒྱུ་རྩལ། ༼དུས་དེབ།༽, lhoka literature and art",Tibetan Buddhist Resource Center,157270674
445087041,W20820-I1PD36087,"urn-3:FHCL:37113955, urn-3:HUL.DRS.OBJECT:37113954",Buddhist Digital Resource Center,FHCL.COLL,FHCL.COLL.TBRC_0001,PDS DOCUMENT,,2018-05-17T15:52:16.153Z,batchW20820-1,471696,2018-06-15T12:12:39.0Z,FHCL.COLL_batchW20820-1_20180517_115349,94,,R,"lho kha'i rtsom rig sgyu rtsal/ (dus deb/), ལྷོ་ཁའི་རྩོམ་རིག་སྒྱུ་རྩལ། ༼དུས་དེབ།༽, lhoka literature and art",Tibetan Buddhist Resource Center,157525172
445087137,W20820-I1PD36088,"urn-3:FHCL:37113957, urn-3:HUL.DRS.OBJECT:37113956",Buddhist Digital Resource Center,FHCL.COLL,FHCL.COLL.TBRC_0001,PDS DOCUMENT,,2018-05-17T15:52:35.646Z,batchW20820-1,471696,2018-06-15T12:12:39.0Z,FHCL.COLL_batchW20820-1_20180517_115349,84,,R,"lho kha'i rtsom rig sgyu rtsal/ (dus deb/), ལྷོ་ཁའི་རྩོམ་རིག་སྒྱུ་རྩལ། ༼དུས་དེབ།༽, lhoka literature and art",Tibetan Buddhist Resource Center,158531954
445087315,W20820-I1PD36089,"urn-3:FHCL:37113959, urn-3:HUL.DRS.OBJECT:37113958",Buddhist Digital Resource Center,FHCL.COLL,FHCL.COLL.TBRC_0001,PDS DOCUMENT,,2018-05-17T15:52:53.570Z,batchW20820-1,471696,2018-06-15T12:12:39.0Z,FHCL.COLL_batchW20820-1_20180517_115349,94,,R,"lho kha'i rtsom rig sgyu rtsal/ (dus deb/), ལྷོ་ཁའི་རྩོམ་རིག་སྒྱུ་རྩལ། ༼དུས་དེབ།༽, lhoka literature and art",Tibetan Buddhist Resource Center,160880310
445087491,W20820-I1PD36090,"urn-3:FHCL:37113961, urn-3:HUL.DRS.OBJECT:37113960",Buddhist Digital Resource Center,FHCL.COLL,FHCL.COLL.TBRC_0001,PDS DOCUMENT,,2018-05-17T15:53:11.846Z,batchW20820-1,471696,2018-06-15T12:12:39.0Z,FHCL.COLL_batchW20820-1_20180517_115349,92,,R,"lho kha'i rtsom rig sgyu rtsal/ (dus deb/), ལྷོ་ཁའི་རྩོམ་རིག་སྒྱུ་རྩལ། ༼དུས་དེབ།༽, lhoka literature and art",Tibetan Buddhist Resource Center,158213120
445087741,W20820-I1PD36091,"urn-3:FHCL:37113963, urn-3:HUL.DRS.OBJECT:37113962",Buddhist Digital Resource Center,FHCL.COLL,FHCL.COLL.TBRC_0001,PDS DOCUMENT,,2018-05-17T15:53:31.135Z,batchW20820-1,471696,2018-06-15T12:12:39.0Z,FHCL.COLL_batchW20820-1_20180517_115349,84,,R,"lho kha'i rtsom rig sgyu rtsal/ (dus deb/), ལྷོ་ཁའི་རྩོམ་རིག་སྒྱུ་རྩལ། ༼དུས་དེབ།༽, lhoka literature and art",Tibetan Buddhist Resource Center,158422234
445232716,W23367-1546,"urn-3:FHCL:37114253, urn-3:HUL.DRS.OBJECT:37114252",Buddhist Digital Resource Center,FHCL.COLL,FHCL.COLL.TBRC_0001,PDS DOCUMENT,,2018-05-16T18:38:13.655Z,batchW23367-1,471707,2018-06-15T13:26:10.0Z,FHCL.COLL_batchW23367-1_20180516_143922,472,,R,"a selection of writings on the anuttara yoga tantra, gsung thor bu/_kun dga' snying po, selected works / sa-chen kun-dga'-snin-po",Tibetan Buddhist Resource Center,13253180
445233190,W23543-6475,"urn-3:FHCL:37114255, urn-3:HUL.DRS.OBJECT:37114254",Buddhist Digital Resource Center,FHCL.COLL,FHCL.COLL.TBRC_0001,PDS DOCUMENT,,2018-05-16T18:44:07.367Z,batchW23543-1,471708,2018-06-15T13:27:12.0Z,FHCL.COLL_batchW23543-1_20180516_144506,400,,R,"co ne bla ma rin po che blo bzang rgya mtsho sprin gtsug lag chos kyi 'dod 'jo dpal bzang po'i gsung 'bum, ཅོ་ནེ་བླ་མ་རིན་པོ་ཆེ་བློ་བཟང་རྒྱ་མཚོ་སྤྲིན་གཙུག་ལག་ཆོས་ཀྱི་འདོད་འཇོ་དཔལ་བཟང་པོའི་གསུང་འབུམ, gsung 'bum/_blo bzang rgya mtsho, Co-ne Bla-ma Rin-po-che Blo-bzaṅ-rgya-mtsho-sprin-gtsug-lag-chos-kyi-ʾdodʾjo-dpal-bzaṅ-poʾi gsuṅ ʾbum bźugs so",Tibetan Buddhist Resource Center,58107248
445281973,W30498-I1CZ4934,"urn-3:FHCL:37114307, urn-3:HUL.DRS.OBJECT:37114306",Buddhist Digital Resource Center,FHCL.COLL,FHCL.COLL.TBRC_0001,PDS DOCUMENT,,2018-05-17T19:11:21.155Z,batchW30498-13,471715,2018-06-15T14:24:25.0Z,FHCL.COLL_batchW30498-13_20180517_154931,1322,,R,"bka' brten, བཀའ་བརྟེན།, bon gyi bka' brten",Tibetan Buddhist Resource Center,104442469
445283297,W30498-I1CZ4935,"urn-3:FHCL:37114309, urn-3:HUL.DRS.OBJECT:37114308",Buddhist Digital Resource Center,FHCL.COLL,FHCL.COLL.TBRC_0001,PDS DOCUMENT,,2018-05-17T19:14:41.118Z,batchW30498-13,471715,2018-06-15T14:24:25.0Z,FHCL.COLL_batchW30498-13_20180517_154931,1576,,R,"bka' brten, བཀའ་བརྟེན།, bon gyi bka' brten",Tibetan Buddhist Resource Center,160177649
445284875,W30498-I1CZ4936,"urn-3:FHCL:37114311, urn-3:HUL.DRS.OBJECT:37114310",Buddhist Digital Resource Center,FHCL.COLL,FHCL.COLL.TBRC_0001,PDS DOCUMENT,,2018-05-17T19:18:11.203Z,batchW30498-13,471715,2018-06-15T14:24:25.0Z,FHCL.COLL_batchW30498-13_20180517_154931,990,,R,"bka' brten, བཀའ་བརྟེན།, bon gyi bka' brten",Tibetan Buddhist Resource Center,95396678
445285867,W30498-I1CZ4937,"urn-3:FHCL:37114313, urn-3:HUL.DRS.OBJECT:37114312",Buddhist Digital Resource Center,FHCL.COLL,FHCL.COLL.TBRC_0001,PDS DOCUMENT,,2018-05-17T19:20:22.944Z,batchW30498-13,471715,2018-06-15T14:24:25.0Z,FHCL.COLL_batchW30498-13_20180517_154931,1488,,R,"bka' brten, བཀའ་བརྟེན།, bon gyi bka' brten",Tibetan Buddhist Resource Center,138077136
445287357,W30498-I1CZ4938,"urn-3:FHCL:37114315, urn-3:HUL.DRS.OBJECT:37114314",Buddhist Digital Resource Center,FHCL.COLL,FHCL.COLL.TBRC_0001,PDS DOCUMENT,,2018-05-17T19:23:39.767Z,batchW30498-13,471715,2018-06-15T14:24:25.0Z,FHCL.COLL_batchW30498-13_20180517_154931,1196,,R,"bka' brten, བཀའ་བརྟེན།, bon gyi bka' brten",Tibetan Buddhist Resource Center,158277146
445288555,W30498-I1CZ4939,"urn-3:FHCL:37114317, urn-3:HUL.DRS.OBJECT:37114316",Buddhist Digital Resource Center,FHCL.COLL,FHCL.COLL.TBRC_0001,PDS DOCUMENT,,2018-05-17T19:26:19.461Z,batchW30498-13,471715,2018-06-15T14:24:25.0Z,FHCL.COLL_batchW30498-13_20180517_154931,1056,,R,"bka' brten, བཀའ་བརྟེན།, bon gyi bka' brten",Tibetan Buddhist Resource Center,159928205
445289613,W30498-I1CZ4940,"urn-3:FHCL:37114319, urn-3:HUL.DRS.OBJECT:37114318",Buddhist Digital Resource Center,FHCL.COLL,FHCL.COLL.TBRC_0001,PDS DOCUMENT,,2018-05-17T19:28:38.215Z,batchW30498-13,471715,2018-06-15T14:24:25.0Z,FHCL.COLL_batchW30498-13_20180517_154931,416,,R,"bka' brten, བཀའ་བརྟེན།, bon gyi bka' brten",Tibetan Buddhist Resource Center,41695851
445290031,W30498-I1CZ4941,"urn-3:FHCL:37114321, urn-3:HUL.DRS.OBJECT:37114320",Buddhist Digital Resource Center,FHCL.COLL,FHCL.COLL.TBRC_0001,PDS DOCUMENT,,2018-05-17T19:29:33.545Z,batchW30498-13,471715,2018-06-15T14:24:25.0Z,FHCL.COLL_batchW30498-13_20180517_154931,1074,,R,"bka' brten, བཀའ་བརྟེན།, bon gyi bka' brten",Tibetan Buddhist Resource Center,138054939
445291107,W30498-I1CZ4942,"urn-3:FHCL:37114437, urn-3:HUL.DRS.OBJECT:37114435",Buddhist Digital Resource Center,FHCL.COLL,FHCL.COLL.TBRC_0001,PDS DOCUMENT,,2018-05-17T19:31:53.952Z,batchW30498-13,471715,2018-06-15T14:24:25.0Z,FHCL.COLL_batchW30498-13_20180517_154931,606,,R,"bka' brten, བཀའ་བརྟེན།, bon gyi bka' brten",Tibetan Buddhist Resource Center,61966644
445291715,W30498-I1CZ4943,"urn-3:FHCL:37114548, urn-3:HUL.DRS.OBJECT:37114546",Buddhist Digital Resource Center,FHCL.COLL,FHCL.COLL.TBRC_0001,PDS DOCUMENT,,2018-05-17T19:33:12.798Z,batchW30498-13,471715,2018-06-15T14:24:25.0Z,FHCL.COLL_batchW30498-13_20180517_154931,1080,,R,"bka' brten, བཀའ་བརྟེན།, bon gyi bka' brten",Tibetan Buddhist Resource Center,193629015
445292797,W30498-I1CZ4944,"urn-3:FHCL:37114568, urn-3:HUL.DRS.OBJECT:37114567",Buddhist Digital Resource Center,FHCL.COLL,FHCL.COLL.TBRC_0001,PDS DOCUMENT,,2018-05-17T19:35:33.44Z,batchW30498-13,471715,2018-06-15T14:24:25.0Z,FHCL.COLL_batchW30498-13_20180517_154931,536,,R,"bka' brten, བཀའ་བརྟེན།, bon gyi bka' brten",Tibetan Buddhist Resource Center,61163663
445293335,W30498-I1CZ4945,"urn-3:FHCL:37114570, urn-3:HUL.DRS.OBJECT:37114569",Buddhist Digital Resource Center,FHCL.COLL,FHCL.COLL.TBRC_0001,PDS DOCUMENT,,2018-05-17T19:36:42.561Z,batchW30498-13,471715,2018-06-15T14:24:25.0Z,FHCL.COLL_batchW30498-13_20180517_154931,926,,R,"bka' brten, བཀའ་བརྟེན།, bon gyi bka' brten",Tibetan Buddhist Resource Center,109626915
445294263,W30498-I1CZ4946,"urn-3:FHCL:37114572, urn-3:HUL.DRS.OBJECT:37114571",Buddhist Digital Resource Center,FHCL.COLL,FHCL.COLL.TBRC_0001,PDS DOCUMENT,,2018-05-17T19:38:40.840Z,batchW30498-13,471715,2018-06-15T14:24:25.0Z,FHCL.COLL_batchW30498-13_20180517_154931,1070,,R,"bka' brten, བཀའ་བརྟེན།, bon gyi bka' brten",Tibetan Buddhist Resource Center,96965624
445295335,W30498-I1CZ4947,"urn-3:FHCL:37114675, urn-3:HUL.DRS.OBJECT:37114673",Buddhist Digital Resource Center,FHCL.COLL,FHCL.COLL.TBRC_0001,PDS DOCUMENT,,2018-05-17T19:40:57.169Z,batchW30498-13,471715,2018-06-15T14:24:25.0Z,FHCL.COLL_batchW30498-13_20180517_154931,512,,R,"bka' brten, བཀའ་བརྟེན།, bon gyi bka' brten",Tibetan Buddhist Resource Center,52770873
445295849,W30498-I1CZ4948,"urn-3:FHCL:37114762, urn-3:HUL.DRS.OBJECT:37114761",Buddhist Digital Resource Center,FHCL.COLL,FHCL.COLL.TBRC_0001,PDS DOCUMENT,,2018-05-17T19:42:02.904Z,batchW30498-13,471715,2018-06-15T14:24:25.0Z,FHCL.COLL_batchW30498-13_20180517_154931,604,,R,"bka' brten, བཀའ་བརྟེན།, bon gyi bka' brten",Tibetan Buddhist Resource Center,61191289
445296455,W30498-I1CZ4949,"urn-3:FHCL:37114764, urn-3:HUL.DRS.OBJECT:37114763",Buddhist Digital Resource Center,FHCL.COLL,FHCL.COLL.TBRC_0001,PDS DOCUMENT,,2018-05-17T19:43:21.84Z,batchW30498-13,471715,2018-06-15T14:24:25.0Z,FHCL.COLL_batchW30498-13_20180517_154931,660,,R,"bka' brten, བཀའ་བརྟེན།, bon gyi bka' brten",Tibetan Buddhist Resource Center,58605308
445297117,W30498-I1CZ4950,"urn-3:FHCL:37114766, urn-3:HUL.DRS.OBJECT:37114765",Buddhist Digital Resource Center,FHCL.COLL,FHCL.COLL.TBRC_0001,PDS DOCUMENT,,2018-05-17T19:44:45.354Z,batchW30498-13,471715,2018-06-15T14:24:25.0Z,FHCL.COLL_batchW30498-13_20180517_154931,312,,R,"bka' brten, བཀའ་བརྟེན།, bon gyi bka' brten",Tibetan Buddhist Resource Center,49963155
445297431,W30498-I1CZ4951,"urn-3:FHCL:37114768, urn-3:HUL.DRS.OBJECT:37114767",Buddhist Digital Resource Center,FHCL.COLL,FHCL.COLL.TBRC_0001,PDS DOCUMENT,,2018-05-17T19:45:25.587Z,batchW30498-13,471715,2018-06-15T14:24:25.0Z,FHCL.COLL_batchW30498-13_20180517_154931,850,,R,"bka' brten, བཀའ་བརྟེན།, bon gyi bka' brten",Tibetan Buddhist Resource Center,71292595
445298283,W30498-I1CZ4952,"urn-3:FHCL:37114770, urn-3:HUL.DRS.OBJECT:37114769",Buddhist Digital Resource Center,FHCL.COLL,FHCL.COLL.TBRC_0001,PDS DOCUMENT,,2018-05-17T19:47:12.985Z,batchW30498-13,471715,2018-06-15T14:24:25.0Z,FHCL.COLL_batchW30498-13_20180517_154931,588,,R,"bka' brten, བཀའ་བརྟེན།, bon gyi bka' brten",Tibetan Buddhist Resource Center,52009133
445298873,W30498-I1CZ4953,"urn-3:FHCL:37114772, urn-3:HUL.DRS.OBJECT:37114771",Buddhist Digital Resource Center,FHCL.COLL,FHCL.COLL.TBRC_0001,PDS DOCUMENT,,2018-05-17T19:48:27.61Z,batchW30498-13,471715,2018-06-15T14:24:25.0Z,FHCL.COLL_batchW30498-13_20180517_154931,512,,R,"bka' brten, བཀའ་བརྟེན།, bon gyi bka' brten",Tibetan Buddhist Resource Center,58966716
445336026,W29468-5355,"urn-3:FHCL:37114812, urn-3:HUL.DRS.OBJECT:37114811",Buddhist Digital Resource Center,FHCL.COLL,FHCL.COLL.TBRC_0001,PDS DOCUMENT,,2018-05-17T07:31:06.211Z,batchW29468-4,471720,2018-06-15T15:18:12.0Z,FHCL.COLL_batchW29468-4_20180517_040205,622,,R,"bka' 'gyur (urga), བཀའ་འགྱུར ༼ཨུརྒ༽, Urga Kanjur /edited by Lokesh Chandra from the collection of Prof. Raghuvira",Tibetan Buddhist Resource Center,274098398
445336650,W29468-5356,"urn-3:FHCL:37114814, urn-3:HUL.DRS.OBJECT:37114813",Buddhist Digital Resource Center,FHCL.COLL,FHCL.COLL.TBRC_0001,PDS DOCUMENT,,2018-05-17T07:32:49.723Z,batchW29468-4,471720,2018-06-15T15:18:12.0Z,FHCL.COLL_batchW29468-4_20180517_040205,618,,R,"bka' 'gyur (urga), བཀའ་འགྱུར ༼ཨུརྒ༽, Urga Kanjur /edited by Lokesh Chandra from the collection of Prof. Raghuvira",Tibetan Buddhist Resource Center,256260118
445337270,W29468-5357,"urn-3:FHCL:37114818, urn-3:HUL.DRS.OBJECT:37114817",Buddhist Digital Resource Center,FHCL.COLL,FHCL.COLL.TBRC_0001,PDS DOCUMENT,,2018-05-17T07:34:23.236Z,batchW29468-4,471720,2018-06-15T15:18:12.0Z,FHCL.COLL_batchW29468-4_20180517_040205,598,,R,"bka' 'gyur (urga), བཀའ་འགྱུར ༼ཨུརྒ༽, Urga Kanjur /edited by Lokesh Chandra from the collection of Prof. Raghuvira",Tibetan Buddhist Resource Center,305838642
445337870,W29468-5358,"urn-3:FHCL:37114822, urn-3:HUL.DRS.OBJECT:37114821",Buddhist Digital Resource Center,FHCL.COLL,FHCL.COLL.TBRC_0001,PDS DOCUMENT,,2018-05-17T07:35:51.166Z,batchW29468-4,471720,2018-06-15T15:18:12.0Z,FHCL.COLL_batchW29468-4_20180517_040205,604,,R,"bka' 'gyur (urga), བཀའ་འགྱུར ༼ཨུརྒ༽, Urga Kanjur /edited by Lokesh Chandra from the collection of Prof. Raghuvira",Tibetan Buddhist Resource Center,300095768
445338476,W29468-5359,"urn-3:FHCL:37114824, urn-3:HUL.DRS.OBJECT:37114823",Buddhist Digital Resource Center,FHCL.COLL,FHCL.COLL.TBRC_0001,PDS DOCUMENT,,2018-05-17T07:37:16.639Z,batchW29468-4,471720,2018-06-15T15:18:12.0Z,FHCL.COLL_batchW29468-4_20180517_040205,616,,R,"bka' 'gyur (urga), བཀའ་འགྱུར ༼ཨུརྒ༽, Urga Kanjur /edited by Lokesh Chandra from the collection of Prof. Raghuvira",Tibetan Buddhist Resource Center,268099052
445339094,W29468-5360,"urn-3:FHCL:37114828, urn-3:HUL.DRS.OBJECT:37114827",Buddhist Digital Resource Center,FHCL.COLL,FHCL.COLL.TBRC_0001,PDS DOCUMENT,,2018-05-17T07:39:01.84Z,batchW29468-4,471720,2018-06-15T15:18:12.0Z,FHCL.COLL_batchW29468-4_20180517_040205,630,,R,"bka' 'gyur (urga), བཀའ་འགྱུར ༼ཨུརྒ༽, Urga Kanjur /edited by Lokesh Chandra from the collection of Prof. Raghuvira",Tibetan Buddhist Resource Center,283505828
445339726,W29468-5361,"urn-3:FHCL:37114830, urn-3:HUL.DRS.OBJECT:37114829",Buddhist Digital Resource Center,FHCL.COLL,FHCL.COLL.TBRC_0001,PDS DOCUMENT,,2018-05-17T07:40:39.930Z,batchW29468-4,471720,2018-06-15T15:18:12.0Z,FHCL.COLL_batchW29468-4_20180517_040205,642,,R,"bka' 'gyur (urga), བཀའ་འགྱུར ༼ཨུརྒ༽, Urga Kanjur /edited by Lokesh Chandra from the collection of Prof. Raghuvira",Tibetan Buddhist Resource Center,277391587
445340370,W29468-5362,"urn-3:FHCL:37114834, urn-3:HUL.DRS.OBJECT:37114833",Buddhist Digital Resource Center,FHCL.COLL,FHCL.COLL.TBRC_0001,PDS DOCUMENT,,2018-05-17T07:42:19.462Z,batchW29468-4,471720,2018-06-15T15:18:12.0Z,FHCL.COLL_batchW29468-4_20180517_040205,640,,R,"bka' 'gyur (urga), བཀའ་འགྱུར ༼ཨུརྒ༽, Urga Kanjur /edited by Lokesh Chandra from the collection of Prof. Raghuvira",Tibetan Buddhist Resource Center,300302344
445341012,W29468-5363,"urn-3:FHCL:37114838, urn-3:HUL.DRS.OBJECT:37114837",Buddhist Digital Resource Center,FHCL.COLL,FHCL.COLL.TBRC_0001,PDS DOCUMENT,,2018-05-17T07:43:53.380Z,batchW29468-4,471720,2018-06-15T15:18:12.0Z,FHCL.COLL_batchW29468-4_20180517_040205,618,,R,"bka' 'gyur (urga), བཀའ་འགྱུར ༼ཨུརྒ༽, Urga Kanjur /edited by Lokesh Chandra from the collection of Prof. Raghuvira",Tibetan Buddhist Resource Center,278530824
445341632,W29468-5364,"urn-3:FHCL:37114840, urn-3:HUL.DRS.OBJECT:37114839",Buddhist Digital Resource Center,FHCL.COLL,FHCL.COLL.TBRC_0001,PDS DOCUMENT,,2018-05-17T07:45:26.51Z,batchW29468-4,471720,2018-06-15T15:18:12.0Z,FHCL.COLL_batchW29468-4_20180517_040205,628,,R,"bka' 'gyur (urga), བཀའ་འགྱུར ༼ཨུརྒ༽, Urga Kanjur /edited by Lokesh Chandra from the collection of Prof. Raghuvira",Tibetan Buddhist Resource Center,295433290
445342262,W29468-5365,"urn-3:FHCL:37114844, urn-3:HUL.DRS.OBJECT:37114843",Buddhist Digital Resource Center,FHCL.COLL,FHCL.COLL.TBRC_0001,PDS DOCUMENT,,2018-05-17T07:46:59.527Z,batchW29468-4,471720,2018-06-15T15:18:12.0Z,FHCL.COLL_batchW29468-4_20180517_040205,614,,R,"bka' 'gyur (urga), བཀའ་འགྱུར ༼ཨུརྒ༽, Urga Kanjur /edited by Lokesh Chandra from the collection of Prof. Raghuvira",Tibetan Buddhist Resource Center,256248034
445342878,W29468-5366,"urn-3:FHCL:37114848, urn-3:HUL.DRS.OBJECT:37114847",Buddhist Digital Resource Center,FHCL.COLL,FHCL.COLL.TBRC_0001,PDS DOCUMENT,,2018-05-17T07:48:31.579Z,batchW29468-4,471720,2018-06-15T15:18:12.0Z,FHCL.COLL_batchW29468-4_20180517_040205,676,,R,"bka' 'gyur (urga), བཀའ་འགྱུར ༼ཨུརྒ༽, Urga Kanjur /edited by Lokesh Chandra from the collection of Prof. Raghuvira",Tibetan Buddhist Resource Center,299919100
445343556,W29468-5367,"urn-3:FHCL:37114852, urn-3:HUL.DRS.OBJECT:37114851",Buddhist Digital Resource Center,FHCL.COLL,FHCL.COLL.TBRC_0001,PDS DOCUMENT,,2018-05-17T07:50:09.623Z,batchW29468-4,471720,2018-06-15T15:18:12.0Z,FHCL.COLL_batchW29468-4_20180517_040205,622,,R,"bka' 'gyur (urga), བཀའ་འགྱུར ༼ཨུརྒ༽, Urga Kanjur /edited by Lokesh Chandra from the collection of Prof. Raghuvira",Tibetan Buddhist Resource Center,326923040
445344180,W29468-5368,"urn-3:FHCL:37114860, urn-3:HUL.DRS.OBJECT:37114859",Buddhist Digital Resource Center,FHCL.COLL,FHCL.COLL.TBRC_0001,PDS DOCUMENT,,2018-05-17T07:51:40.713Z,batchW29468-4,471720,2018-06-15T15:18:12.0Z,FHCL.COLL_batchW29468-4_20180517_040205,604,,R,"bka' 'gyur (urga), བཀའ་འགྱུར ༼ཨུརྒ༽, Urga Kanjur /edited by Lokesh Chandra from the collection of Prof. Raghuvira",Tibetan Buddhist Resource Center,277098464
445344786,W29468-5369,"urn-3:FHCL:37114870, urn-3:HUL.DRS.OBJECT:37114869",Buddhist Digital Resource Center,FHCL.COLL,FHCL.COLL.TBRC_0001,PDS DOCUMENT,,2018-05-17T07:53:09.398Z,batchW29468-4,471720,2018-06-15T15:18:12.0Z,FHCL.COLL_batchW29468-4_20180517_040205,600,,R,"bka' 'gyur (urga), བཀའ་འགྱུར ༼ཨུརྒ༽, Urga Kanjur /edited by Lokesh Chandra from the collection of Prof. Raghuvira",Tibetan Buddhist Resource Center,251855938
445345388,W29468-5370,"urn-3:FHCL:37114876, urn-3:HUL.DRS.OBJECT:37114875",Buddhist Digital Resource Center,FHCL.COLL,FHCL.COLL.TBRC_0001,PDS DOCUMENT,,2018-05-17T07:54:39.837Z,batchW29468-4,471720,2018-06-15T15:18:12.0Z,FHCL.COLL_batchW29468-4_20180517_040205,568,,R,"bka' 'gyur (urga), བཀའ་འགྱུར ༼ཨུརྒ༽, Urga Kanjur /edited by Lokesh Chandra from the collection of Prof. Raghuvira",Tibetan Buddhist Resource Center,250620818
445345958,W29468-5371,"urn-3:FHCL:37114880, urn-3:HUL.DRS.OBJECT:37114879",Buddhist Digital Resource Center,FHCL.COLL,FHCL.COLL.TBRC_0001,PDS DOCUMENT,,2018-05-17T07:56:18.507Z,batchW29468-4,471720,2018-06-15T15:18:12.0Z,FHCL.COLL_batchW29468-4_20180517_040205,310,,R,"bka' 'gyur (urga), བཀའ་འགྱུར ༼ཨུརྒ༽, Urga Kanjur /edited by Lokesh Chandra from the collection of Prof. Raghuvira",Tibetan Buddhist Resource Center,140446098
445346270,W29468-5372,"urn-3:FHCL:37114884, urn-3:HUL.DRS.OBJECT:37114883",Buddhist Digital Resource Center,FHCL.COLL,FHCL.COLL.TBRC_0001,PDS DOCUMENT,,2018-05-17T07:57:12.995Z,batchW29468-4,471720,2018-06-15T15:18:12.0Z,FHCL.COLL_batchW29468-4_20180517_040205,738,,R,"bka' 'gyur (urga), བཀའ་འགྱུར ༼ཨུརྒ༽, Urga Kanjur /edited by Lokesh Chandra from the collection of Prof. Raghuvira",Tibetan Buddhist Resource Center,289349702
445347010,W29468-5373,"urn-3:FHCL:37114888, urn-3:HUL.DRS.OBJECT:37114887",Buddhist Digital Resource Center,FHCL.COLL,FHCL.COLL.TBRC_0001,PDS DOCUMENT,,2018-05-17T07:59:04.894Z,batchW29468-4,471720,2018-06-15T15:18:12.0Z,FHCL.COLL_batchW29468-4_20180517_040205,626,,R,"bka' 'gyur (urga), བཀའ་འགྱུར ༼ཨུརྒ༽, Urga Kanjur /edited by Lokesh Chandra from the collection of Prof. Raghuvira",Tibetan Buddhist Resource Center,240274226
445347638,W29468-5374,"urn-3:FHCL:37114892, urn-3:HUL.DRS.OBJECT:37114891",Buddhist Digital Resource Center,FHCL.COLL,FHCL.COLL.TBRC_0001,PDS DOCUMENT,,2018-05-17T08:00:39.266Z,batchW29468-4,471720,2018-06-15T15:18:12.0Z,FHCL.COLL_batchW29468-4_20180517_040205,588,,R,"bka' 'gyur (urga), བཀའ་འགྱུར ༼ཨུརྒ༽, Urga Kanjur /edited by Lokesh Chandra from the collection of Prof. Raghuvira",Tibetan Buddhist Resource Center,269023604
445361856,W29468-5395,"urn-3:FHCL:37114854, urn-3:HUL.DRS.OBJECT:37114853",Buddhist Digital Resource Center,FHCL.COLL,FHCL.COLL.TBRC_0001,PDS DOCUMENT,,2018-05-17T09:00:35.278Z,batchW29468-6,471722,2018-06-15T15:27:50.0Z,FHCL.COLL_batchW29468-6_20180517_050601,570,,R,"bka' 'gyur (urga), བཀའ་འགྱུར ༼ཨུརྒ༽, Urga Kanjur /edited by Lokesh Chandra from the collection of Prof. Raghuvira",Tibetan Buddhist Resource Center,203080840
445362428,W29468-5396,"urn-3:FHCL:37114858, urn-3:HUL.DRS.OBJECT:37114857",Buddhist Digital Resource Center,FHCL.COLL,FHCL.COLL.TBRC_0001,PDS DOCUMENT,,2018-05-17T09:01:58.656Z,batchW29468-6,471722,2018-06-15T15:27:50.0Z,FHCL.COLL_batchW29468-6_20180517_050601,560,,R,"bka' 'gyur (urga), བཀའ་འགྱུར ༼ཨུརྒ༽, Urga Kanjur /edited by Lokesh Chandra from the collection of Prof. Raghuvira",Tibetan Buddhist Resource Center,234280876
445362990,W29468-5397,"urn-3:FHCL:37114866, urn-3:HUL.DRS.OBJECT:37114865",Buddhist Digital Resource Center,FHCL.COLL,FHCL.COLL.TBRC_0001,PDS DOCUMENT,,2018-05-17T09:03:21.299Z,batchW29468-6,471722,2018-06-15T15:27:50.0Z,FHCL.COLL_batchW29468-6_20180517_050601,714,,R,"bka' 'gyur (urga), བཀའ་འགྱུར ༼ཨུརྒ༽, Urga Kanjur /edited by Lokesh Chandra from the collection of Prof. Raghuvira",Tibetan Buddhist Resource Center,438514318
445363706,W29468-5398,"urn-3:FHCL:37114874, urn-3:HUL.DRS.OBJECT:37114873",Buddhist Digital Resource Center,FHCL.COLL,FHCL.COLL.TBRC_0001,PDS DOCUMENT,,2018-05-17T09:05:05.284Z,batchW29468-6,471722,2018-06-15T15:27:50.0Z,FHCL.COLL_batchW29468-6_20180517_050601,236,,R,"bka' 'gyur (urga), བཀའ་འགྱུར ༼ཨུརྒ༽, Urga Kanjur /edited by Lokesh Chandra from the collection of Prof. Raghuvira",Tibetan Buddhist Resource Center,178700439
445363944,W29468-5399,"urn-3:FHCL:37114878, urn-3:HUL.DRS.OBJECT:37114877",Buddhist Digital Resource Center,FHCL.COLL,FHCL.COLL.TBRC_0001,PDS DOCUMENT,,2018-05-17T09:05:39.860Z,batchW29468-6,471722,2018-06-15T15:27:50.0Z,FHCL.COLL_batchW29468-6_20180517_050601,152,,R,"bka' 'gyur (urga), བཀའ་འགྱུར ༼ཨུརྒ༽, Urga Kanjur /edited by Lokesh Chandra from the collection of Prof. Raghuvira",Tibetan Buddhist Resource Center,49191348
445364098,W30486-I1PD36265,"urn-3:FHCL:37114864, urn-3:HUL.DRS.OBJECT:37114863",Buddhist Digital Resource Center,FHCL.COLL,FHCL.COLL.TBRC_0001,PDS DOCUMENT,,2018-05-17T06:44:58.288Z,batchW30486-1,471723,2018-06-15T15:29:01.0Z,FHCL.COLL_batchW30486-1_20180517_024501,8,,R,"rlung rta'i bsang mchod 'bul tshul, རླུང་རྟའི་བསང་མཆོད་འབུལ་ཚུལ",Tibetan Buddhist Resource Center,166312
445364108,W30286-I1KG10411,"urn-3:FHCL:37114868, urn-3:HUL.DRS.OBJECT:37114867",Buddhist Digital Resource Center,FHCL.COLL,FHCL.COLL.TBRC_0001,PDS DOCUMENT,,2018-05-17T06:30:45.200Z,batchW30286-1,471724,2018-06-15T15:29:15.0Z,FHCL.COLL_batchW30286-1_20180517_023225,654,,R,"bye brag tu rtogs par byed pa chen po, བྱེ་བྲག་ཏུ་རྟོགས་པར་བྱེད་པ་ཆེན་པོ།, bye brag rtogs byed chen po/ (skad bzhi shan sbyar/), quadrilingual mahavyutpatti, quadrilingual mahavyutpatti : sanskrit-tibetan-chinese-mongolian lexicon of buddhist terms, Quadrilingual Mahāvyutpatti :Sanskrit-Tibetan-Chinese-Mongolian lexicon of Buddhist terms /reproduced by Lokesh Chandra",Tibetan Buddhist Resource Center,73017974
445399830,W30498-I1CZ4874,"urn-3:FHCL:37115530, urn-3:HUL.DRS.OBJECT:37115528",Buddhist Digital Resource Center,FHCL.COLL,FHCL.COLL.TBRC_0001,PDS DOCUMENT,,2018-05-17T16:17:47.965Z,batchW30498-10,471733,2018-06-15T16:25:21.0Z,FHCL.COLL_batchW30498-10_20180517_124525,599,,R,"bka' brten, བཀའ་བརྟེན།, bon gyi bka' brten",Tibetan Buddhist Resource Center,44153404
445400431,W30498-I1CZ4875,"urn-3:FHCL:37115599, urn-3:HUL.DRS.OBJECT:37115597",Buddhist Digital Resource Center,FHCL.COLL,FHCL.COLL.TBRC_0001,PDS DOCUMENT,,2018-05-17T16:19:16.788Z,batchW30498-10,471733,2018-06-15T16:25:21.0Z,FHCL.COLL_batchW30498-10_20180517_124525,526,,R,"bka' brten, བཀའ་བརྟེན།, bon gyi bka' brten",Tibetan Buddhist Resource Center,47313680
445400959,W30498-I1CZ4876,"urn-3:FHCL:37115675, urn-3:HUL.DRS.OBJECT:37115673",Buddhist Digital Resource Center,FHCL.COLL,FHCL.COLL.TBRC_0001,PDS DOCUMENT,,2018-05-17T16:20:29.643Z,batchW30498-10,471733,2018-06-15T16:25:21.0Z,FHCL.COLL_batchW30498-10_20180517_124525,530,,R,"bka' brten, བཀའ་བརྟེན།, bon gyi bka' brten",Tibetan Buddhist Resource Center,55004073
445401491,W30498-I1CZ4877,"urn-3:FHCL:37115774, urn-3:HUL.DRS.OBJECT:37115773",Buddhist Digital Resource Center,FHCL.COLL,FHCL.COLL.TBRC_0001,PDS DOCUMENT,,2018-05-17T16:21:43.294Z,batchW30498-10,471733,2018-06-15T16:25:21.0Z,FHCL.COLL_batchW30498-10_20180517_124525,424,,R,"bka' brten, བཀའ་བརྟེན།, bon gyi bka' brten",Tibetan Buddhist Resource Center,44824568
445401917,W30498-I1CZ4878,"urn-3:FHCL:37115828, urn-3:HUL.DRS.OBJECT:37115827",Buddhist Digital Resource Center,FHCL.COLL,FHCL.COLL.TBRC_0001,PDS DOCUMENT,,2018-05-17T16:22:40.776Z,batchW30498-10,471733,2018-06-15T16:25:21.0Z,FHCL.COLL_batchW30498-10_20180517_124525,409,,R,"bka' brten, བཀའ་བརྟེན།, bon gyi bka' brten",Tibetan Buddhist Resource Center,37528338
445402328,W30498-I1CZ4879,"urn-3:FHCL:37115885, urn-3:HUL.DRS.OBJECT:37115883",Buddhist Digital Resource Center,FHCL.COLL,FHCL.COLL.TBRC_0001,PDS DOCUMENT,,2018-05-17T16:23:38.770Z,batchW30498-10,471733,2018-06-15T16:25:21.0Z,FHCL.COLL_batchW30498-10_20180517_124525,988,,R,"bka' brten, བཀའ་བརྟེན།, bon gyi bka' brten",Tibetan Buddhist Resource Center,81401307
445403318,W30498-I1CZ4880,"urn-3:FHCL:37116032, urn-3:HUL.DRS.OBJECT:37116030",Buddhist Digital Resource Center,FHCL.COLL,FHCL.COLL.TBRC_0001,PDS DOCUMENT,,2018-05-17T16:26:02.341Z,batchW30498-10,471733,2018-06-15T16:25:21.0Z,FHCL.COLL_batchW30498-10_20180517_124525,730,,R,"bka' brten, བཀའ་བརྟེན།, bon gyi bka' brten",Tibetan Buddhist Resource Center,65836025
445404050,W30498-I1CZ4881,"urn-3:FHCL:37116152, urn-3:HUL.DRS.OBJECT:37116150",Buddhist Digital Resource Center,FHCL.COLL,FHCL.COLL.TBRC_0001,PDS DOCUMENT,,2018-05-17T16:27:44.527Z,batchW30498-10,471733,2018-06-15T16:25:21.0Z,FHCL.COLL_batchW30498-10_20180517_124525,634,,R,"bka' brten, བཀའ་བརྟེན།, bon gyi bka' brten",Tibetan Buddhist Resource Center,42825611
445404686,W30498-I1CZ4882,"urn-3:FHCL:37116196, urn-3:HUL.DRS.OBJECT:37116195",Buddhist Digital Resource Center,FHCL.COLL,FHCL.COLL.TBRC_0001,PDS DOCUMENT,,2018-05-17T16:29:11.336Z,batchW30498-10,471733,2018-06-15T16:25:21.0Z,FHCL.COLL_batchW30498-10_20180517_124525,334,,R,"bka' brten, བཀའ་བརྟེན།, bon gyi bka' brten",Tibetan Buddhist Resource Center,27215836
445405022,W30498-I1CZ4883,"urn-3:FHCL:37116198, urn-3:HUL.DRS.OBJECT:37116197",Buddhist Digital Resource Center,FHCL.COLL,FHCL.COLL.TBRC_0001,PDS DOCUMENT,,2018-05-17T16:29:56.550Z,batchW30498-10,471733,2018-06-15T16:25:21.0Z,FHCL.COLL_batchW30498-10_20180517_124525,1216,,R,"bka' brten, བཀའ་བརྟེན།, bon gyi bka' brten",Tibetan Buddhist Resource Center,84717738
445406240,W30498-I1CZ4884,"urn-3:FHCL:37116200, urn-3:HUL.DRS.OBJECT:37116199",Buddhist Digital Resource Center,FHCL.COLL,FHCL.COLL.TBRC_0001,PDS DOCUMENT,,2018-05-17T16:32:38.888Z,batchW30498-10,471733,2018-06-15T16:25:21.0Z,FHCL.COLL_batchW30498-10_20180517_124525,516,,R,"bka' brten, བཀའ་བརྟེན།, bon gyi bka' brten",Tibetan Buddhist Resource Center,44477667
445406758,W30498-I1CZ4885,"urn-3:FHCL:37116202, urn-3:HUL.DRS.OBJECT:37116201",Buddhist Digital Resource Center,FHCL.COLL,FHCL.COLL.TBRC_0001,PDS DOCUMENT,,2018-05-17T16:33:55.991Z,batchW30498-10,471733,2018-06-15T16:25:21.0Z,FHCL.COLL_batchW30498-10_20180517_124525,426,,R,"bka' brten, བཀའ་བརྟེན།, bon gyi bka' brten",Tibetan Buddhist Resource Center,30315975
445407186,W30498-I1CZ4886,"urn-3:FHCL:37116204, urn-3:HUL.DRS.OBJECT:37116203",Buddhist Digital Resource Center,FHCL.COLL,FHCL.COLL.TBRC_0001,PDS DOCUMENT,,2018-05-17T16:34:56.519Z,batchW30498-10,471733,2018-06-15T16:25:21.0Z,FHCL.COLL_batchW30498-10_20180517_124525,1076,,R,"bka' brten, བཀའ་བརྟེན།, bon gyi bka' brten",Tibetan Buddhist Resource Center,94318907
445408264,W30498-I1CZ4887,"urn-3:FHCL:37116206, urn-3:HUL.DRS.OBJECT:37116205",Buddhist Digital Resource Center,FHCL.COLL,FHCL.COLL.TBRC_0001,PDS DOCUMENT,,2018-05-17T16:37:25.316Z,batchW30498-10,471733,2018-06-15T16:25:21.0Z,FHCL.COLL_batchW30498-10_20180517_124525,502,,R,"bka' brten, བཀའ་བརྟེན།, bon gyi bka' brten",Tibetan Buddhist Resource Center,37160922
445408768,W30498-I1CZ4888,"urn-3:FHCL:37116208, urn-3:HUL.DRS.OBJECT:37116207",Buddhist Digital Resource Center,FHCL.COLL,FHCL.COLL.TBRC_0001,PDS DOCUMENT,,2018-05-17T16:38:34.975Z,batchW30498-10,471733,2018-06-15T16:25:21.0Z,FHCL.COLL_batchW30498-10_20180517_124525,478,,R,"bka' brten, བཀའ་བརྟེན།, bon gyi bka' brten",Tibetan Buddhist Resource Center,44200474
445409248,W30498-I1CZ4889,"urn-3:FHCL:37116210, urn-3:HUL.DRS.OBJECT:37116209",Buddhist Digital Resource Center,FHCL.COLL,FHCL.COLL.TBRC_0001,PDS DOCUMENT,,2018-05-17T16:39:38.705Z,batchW30498-10,471733,2018-06-15T16:25:21.0Z,FHCL.COLL_batchW30498-10_20180517_124525,692,,R,"bka' brten, བཀའ་བརྟེན།, bon gyi bka' brten",Tibetan Buddhist Resource Center,46049126
445409942,W30498-I1CZ4890,"urn-3:FHCL:37116216, urn-3:HUL.DRS.OBJECT:37116215",Buddhist Digital Resource Center,FHCL.COLL,FHCL.COLL.TBRC_0001,PDS DOCUMENT,,2018-05-17T16:41:13.197Z,batchW30498-10,471733,2018-06-15T16:25:21.0Z,FHCL.COLL_batchW30498-10_20180517_124525,524,,R,"bka' brten, བཀའ་བརྟེན།, bon gyi bka' brten",Tibetan Buddhist Resource Center,42280064
445410468,W30498-I1CZ4891,"urn-3:FHCL:37116218, urn-3:HUL.DRS.OBJECT:37116217",Buddhist Digital Resource Center,FHCL.COLL,FHCL.COLL.TBRC_0001,PDS DOCUMENT,,2018-05-17T16:42:34.672Z,batchW30498-10,471733,2018-06-15T16:25:21.0Z,FHCL.COLL_batchW30498-10_20180517_124525,470,,R,"bka' brten, བཀའ་བརྟེན།, bon gyi bka' brten",Tibetan Buddhist Resource Center,29756382
445410940,W30498-I1CZ4892,"urn-3:FHCL:37116220, urn-3:HUL.DRS.OBJECT:37116219",Buddhist Digital Resource Center,FHCL.COLL,FHCL.COLL.TBRC_0001,PDS DOCUMENT,,2018-05-17T16:43:41.6Z,batchW30498-10,471733,2018-06-15T16:25:21.0Z,FHCL.COLL_batchW30498-10_20180517_124525,346,,R,"bka' brten, བཀའ་བརྟེན།, bon gyi bka' brten",Tibetan Buddhist Resource Center,26825825
445411288,W30498-I1CZ4893,"urn-3:FHCL:37116222, urn-3:HUL.DRS.OBJECT:37116221",Buddhist Digital Resource Center,FHCL.COLL,FHCL.COLL.TBRC_0001,PDS DOCUMENT,,2018-05-17T16:44:29.185Z,batchW30498-10,471733,2018-06-15T16:25:21.0Z,FHCL.COLL_batchW30498-10_20180517_124525,414,,R,"bka' brten, བཀའ་བརྟེན།, bon gyi bka' brten",Tibetan Buddhist Resource Center,32947880
445449796,W23205-0445,"urn-3:FHCL:37116224, urn-3:HUL.DRS.OBJECT:37116223",Buddhist Digital Resource Center,FHCL.COLL,FHCL.COLL.TBRC_0001,PDS DOCUMENT,,2018-05-16T18:35:50.797Z,batchW23205-1,471739,2018-06-15T16:41:52.0Z,FHCL.COLL_batchW23205-1_20180516_143654,447,,R,"'dul ba mdo rtsa ba'i spyi don legs bsad 'od kyi snan ba'i tshig don rab gsal : exegesis of the fundamentals of buddhist monastic disciplines as set forth in the vinayasutra of gunaprabha, 'dul ba mdo rtsa ba'i spyi don legs bshad 'od kyi snang ba'i tshig don rab gsal",Tibetan Buddhist Resource Center,20884596
